Names,Price,Minimum Orders
No Fade 15 Colors High Quality Liquid Tattoo Pigment,US$7.50-8,Min. order: 2 pieces
Permanent Makeup Pigment/Tattoo Ink Private Label,US$20,Min. order: 10 pieces
UV Ink Black Light Tattoo Ink Come From USA Glow Bright Under the Blacklight 30ml Glow in the Dark Fluorescent Ink,US$9-15,Min. order: 5 pieces
Permanent Makeup Waterproof Microblading Pigment Eyebrow Tattoo Ink,US$5-6,Min. order: 2 pieces
High Quality Microblading Tattoo Ink Best Product in Its Category,US$20,Min. order: 1 box
Latest Design Semi-Permanent Easy Coloring Eyebrow Embroidery Tattoo Makeup Microblading Cream Pigment Tattoo Ink,US$5.50-7,Min. order: 2 pieces
MASSA 24 Colors Waterproof Tattoo Ink Microblading Pigments for Permanent Makeup Tattoo Practice,US$0.80-1.25,Min. order: 2 pieces
5ml/pc Skin Safe MSDS Professional Biomaser Microblading Pigment Eyebrow Permanent Makeup Tattoo Ink,US$5-8,Min. order: 1 piece
CNC High Quality 30ML Pure Black Tattoo Ink for Body and Scalp Premium Tattoo Pigment,US$2.40-3.99,Min. order: 1 piece
2025 Hot Sale Dynamic 8 oz Triple Black Tattoo Ink Set Organic 240ml Pigment,US$12-17,Min. order: 3 pieces
Lushcolor Various Colors Permanent Makeup Eyebrow Tattoo Ink Pigment With Medical Standard,US$4-12,Min. order: 1 piece
Factory Wholesale 30ml Nano-Scale Mineral Tattoo Ink Easy-to-Color Semi-Permanent Product,US$1.80-2.50,Min. order: 10 pieces
World Famous High Pigmented Tattoo Ink Set Best UV Pigment for Permanent Makeup New Listing,US$11-13.80,Min. order: 1 box
Wholesale Price Semi-permanent Tattoo Pigments Body Art Triple Black Tattoo Color Dynamic Tattoo Ink,US$8-12,Min. order: 10 pieces
Private Label Professional Tattoo Pigment Inks 5ML/Bottle Safe Permanent Makeup Paints Body Beauty Supplies,US$1,Min. order: 10 pieces
Easy Coloring Microblading Body Art Tattoo Artist Professional Pigment Natural Permanent Black Tattoo Ink,US$24.15-98.99,Min. order: 10 pieces
Organic World Famous Tattoo Ink Eyebrow Tattoo Ink Liquid Microablading Pigment Makeup Tattoo Ink,US$1.21-1.85,Min. order: 100 pieces
Ambition Tattoo Ink Kit 10 Mixed 1/2 Oz(15ml) Bottles Color Professional Pigment Set Supply for Beginners and Pro Artists,US$30,Min. order: 1 box
Tattoo Ink 16 Colors 1oz Inks Tattoo Supplies Aritist Pigment 30ml Body Art Tattoo Kit,US$0.80-1.15,Min. order: 8 pieces
Black Label Grey Wash Sets Solid Ink Original Tattoo Ink Sets Type,US$22.60-23.60,Min. order: 10 pieces
Safe Dragonhawk Tattoo Ink for Tattoo Paint,US$1.50-1.80,Min. order: 10 units
Silver Dances Premium 30ml Permanent Tattoo Ink for Eyebrows Cross-Border Wholesale Product Category,US$7.52-9.90,Min. order: 2 pieces
30ml /bottle Tattoo Ink Set Professional Body Makeup Tattoo Color Ink Pigment,US$0.75-0.85,Min. order: 50 pieces
High Concentration 29.9% Micropigmentation Tattoo Ink 500G Organic Ingredients Natural Permanent Makeup Cream,US$8-10,Min. order: 2 pieces
Latest Goochie 10ml Permanent Makeup Pigments Cream Microblading Hair Strokes Nano Eyebrow Tattoo Ink,US$16,Min. order: 2 pieces
Skin Stretch Mark Face Paint Scar Camouflage Tattoo Ink Perma Blend Tattoo Pigments OEM,US$5.30-14.35,Min. order: 1 piece
Tattoo Inks Colorful Tattoo Pigments 1 OZ Water-based Inks,US$12,Min. order: 10 barrels
Factory Direct IMMORTAL White Permanent Makeup Pigment Customized Black Tattoo Ink,US$3.50-4.19,Min. order: 25 pieces
Tattoo Ink Supplies Wholesale Dynamic Temporary Airbrush Body Art Painting Inks Set Triple Black Color for Tattoos Machine Kit,US$4.30-5.40,Min. order: 1 piece
INTENZE 1OZ 54 SINGLE COLOR and LINING BLACK Tattoo Ink,US$13.95,Min. order: 1 box
Private Label New Microblading Tattoo Pigments Permanent Makeup Tattoo Color Ink for Tattoo Shop,US$3.50-4.20,Min. order: 5 pieces
Factory Direct Eyebrow Micro Pigment Ink for Tattoo Academy Eternal Tattoo Machine 50 Super Black 120ml/bottle,US$2.80-4.30,Min. order: 50 pieces
12 Colors 0.5OZ Tattoo Supply Color Pigments High Quality Tattoo Ink,US$5.78,Min. order: 5 pieces
Body Paint and Tattoo Ink Set for Airbrush Art | Temporary Face & Body Ink for Studio Use,US$8.60-10,Min. order: 20 pieces
240ML 8oz Best Tattoo Ink Black Triple Black Tattoo Ink World Famous Professiontattoo Tattoo Supplies,US$8-15,Min. order: 3 pieces
39.9%Semi-Permanent Real Cream Tattoo Ink for Eyebrows and Lips 500G,US$4-5,Min. order: 10 boxes
OEM ODM Korea Pigment Safe Best Quality Lip Eyebrow Tattoo Ink Pigment for Microblading 1kg Bulk Machine Best Manufacture logo,US$60-100,Min. order: 10 pieces
Bolin Permanent Makeup Ink Tattoo Pigment Best Selling 15ml,US$4.50,Min. order: 1 piece
Mast Scalp Micropigmentation Pigment Black Professional 15ml SMP Tattoo Ink,US$7.50-8.50,Min. order: 50 boxes
Permanent Makeup Cream Pigment Tattoo Ink for Microblading Eyebrows Hand Tools,US$8.70-9.90,Min. order: 100 pieces
10ml Microblading Pigment Tattoo Ink for Permanent Makeup Eyebrow Lips Eyeliner,US$5-8,Min. order: 20 pieces
Temporary Tattoos Ink Professional 30ml 1oz Common White Temporary Neon Alcohol Based Airbrush Tattoo Paint Henna Ink,US$4.30-5.40,Min. order: 2 pieces
Hot Sell High Quality EU US Test Standard Tattoo Ink 30ml Eco Friendly 21 Colors Available Tattoo Pigment Sets,US$3.80-5,Min. order: 20 pieces
Tattoo Equipment Imported Golden Bottle Pigment Professional Tattoo Pigment Ink for Tattoo Body Art,US$3.60,Min. order: 3 pieces
Private Label Best Microblading Pigment for Machine Use Organic Eyebrow and Lip Tattoo Ink,US$5-10,Min. order: 1 piece
OEM ODM Selling Tattoo Ink Kit Long-lasting Tattoo Color for Professional Tattoo Artists,US$26.50,Min. order: 1 piece
50 Colors Set Spark High-end Organic Best Non-toxic Pigment 30ML Disposable Professional Red Tattoo Ink Super Black Tattoo Ink,US$205-340,Min. order: 1 set
